26	68	.github/PULL_REQUEST_TEMPLATE.md
13	9	AGENTS.md
1	0	apps/cli/package.json
107	0	apps/cli/src/cli-invocation-coordinator.test.ts
44	0	apps/cli/src/cli-invocation-coordinator.ts
146	11	apps/cli/src/cli-program-executor.test.ts
6	5	apps/cli/src/cli-program-executor.ts
71	67	apps/cli/src/cli.test.ts
15	10	apps/cli/src/cli.ts
28	19	apps/cli/src/command-execution-result.ts
25	18	apps/cli/src/command.ts
224	0	apps/cli/src/commands/daemon/register-daemon-command.test.ts
20	33	apps/cli/src/commands/daemon/register-daemon-command.ts
197	0	apps/cli/src/daemon-executor.test.ts
150	0	apps/cli/src/daemon-executor.ts
0	33	apps/cli/src/daemon/daemon-clock.test.ts
0	246	apps/cli/src/daemon/daemon-command-dispatcher.integration.test.ts
0	377	apps/cli/src/daemon/daemon-command-dispatcher.test.ts
0	303	apps/cli/src/daemon/daemon-command-dispatcher.ts
0	113	apps/cli/src/daemon/daemon-entry.test.ts
0	54	apps/cli/src/daemon/daemon-entry.ts
0	60	apps/cli/src/daemon/daemon-lifecycle-renderer.test.ts
0	51	apps/cli/src/daemon/daemon-lifetime.test.ts
0	158	apps/cli/src/daemon/daemon-navigation-worker.test.ts
0	162	apps/cli/src/daemon/daemon-result-chunk-codec.ts
0	24	apps/cli/src/daemon/daemon-runtime-values.ts
0	9	apps/cli/src/daemon/invocation-route.ts
0	76	apps/cli/src/daemon/invocation-workspace-selector.test.ts
0	1488	apps/cli/src/daemon/local-daemon-transport.ts
0	35	apps/cli/src/daemon/retained-workspace-program.ts
0	1199	apps/cli/src/daemon/workspace-daemon.ts
44	0	apps/cli/src/default-dependencies.test.ts
15	0	apps/cli/src/invocation-route.ts
99	0	apps/cli/src/invocation-workspace-selector.test.ts
32	17	apps/cli/src/{daemon => }/invocation-workspace-selector.ts
12	3	apps/cli/src/program-dependencies.ts
16	4	apps/cli/src/program.test.ts
35	10	apps/cli/src/program.ts
95	0	apps/cli/src/state-directory-resolver.test.ts
13	18	packages/telemetry/src/state-dir.ts => apps/cli/src/state-directory-resolver.ts
0	157	apps/cli/src/workspace-request-scope.test.ts
0	55	apps/cli/src/workspace-request-scope.ts
1	1	apps/cli/test/benchmark/daemon-benchmark-gate.ts
10	17	apps/cli/test/benchmark/daemon-scale-benchmark-harness.test.ts
59	62	apps/cli/test/benchmark/daemon-scale-benchmark-harness.ts
27	78	apps/cli/test/e2e/daemon/diagnostic-output.test.ts
3	6	apps/cli/test/e2e/daemon/nested-workspaces.test.ts
79	132	apps/cli/test/e2e/daemon/parity.test.ts
42	68	apps/cli/test/e2e/daemon/persistent-pressure.test.ts
3	7	apps/cli/test/e2e/daemon/start.test.ts
25	36	apps/cli/test/e2e/daemon/state-isolation.test.ts
11	662	apps/cli/test/e2e/daemon/status.test.ts
12	274	apps/cli/test/e2e/daemon/stop.test.ts
2	3	apps/cli/test/e2e/navigation-mode-cleanup.test.ts
4	3	apps/cli/test/e2e/telemetry/telemetry.test.ts
0	30	apps/cli/test/helpers/daemon-accepted-caller.ts
1	1	apps/cli/test/helpers/daemon-malicious-output.cjs
34	0	apps/cli/test/helpers/daemon-resource-policy.ts
0	215	apps/cli/test/helpers/daemon-startup-caller-exit.ts
0	21	apps/cli/test/helpers/daemon-state-files.ts
16	0	apps/cli/test/helpers/daemon-testing.ts
6	7	apps/cli/test/helpers/e2e-process-cleanup.test.ts
59	20	apps/cli/test/helpers/e2e-process-cleanup.ts
13	0	apps/cli/test/integration/commands/helpers/fake-program-dependencies.ts
89	12	apps/cli/test/integration/commands/overview/overview-command.test.ts
30	0	apps/cli/test/integration/commands/run-command.test.ts
1	0	apps/cli/tsconfig.json
27	15	eslint.config.mjs
184	0	meta-tests/src/cli-daemon-reachability.test.ts
12	0	meta-tests/src/daemon-compatibility-copy.test.ts
265	0	meta-tests/src/daemon-package.test.ts
1346	0	meta-tests/src/daemon-storage-boundary.test.ts
103	0	meta-tests/src/lint-rule.test.ts
26	3	meta-tests/src/project-refs.test.ts
49	0	meta-tests/src/renderer-package.test.ts
1	1	packages/backend-typescript/src/call-graph/find-callees.ts
1	1	packages/backend-typescript/src/definition/find-definitions.ts
27	25	packages/backend-typescript/src/identity/workspace-declaration-index.test.ts
0	3	packages/backend-typescript/src/index.ts
1	1	packages/backend-typescript/src/resolve/resolve-symbols.ts
11	12	packages/backend-typescript/src/typescript-backend/typescript-backend.ts
71	1	packages/backend-typescript/src/typescript-backend/typescript-project-graph.test.ts
126	194	packages/backend-typescript/src/typescript-backend/typescript-project-graph.ts
195	1	packages/backend-typescript/src/typescript-backend/typescript-semantic-query-service.test.ts
55	64	packages/backend-typescript/src/typescript-backend/typescript-semantic-query-service.ts
279	53	packages/backend-typescript/src/typescript-backend/typescript-workspace-state.test.ts
134	302	packages/backend-typescript/src/typescript-backend/typescript-workspace-state.ts
37	0	packages/backend-typescript/test/integration/typescript-backend.test.ts
360	0	packages/core/src/backend/revisioned-backend-state.test.ts
293	0	packages/core/src/backend/revisioned-backend-state.ts
92	0	packages/core/src/backend/turn-scoped-cache-scope.test.ts
46	0	packages/core/src/backend/turn-scoped-cache-scope.ts
30	0	packages/core/src/index.ts
555	0	packages/core/src/workspace/project-graph.test.ts
340	0	packages/core/src/workspace/project-graph.ts
296	0	packages/core/src/workspace/workspace-session.test.ts
81	0	packages/core/src/workspace/workspace-session.ts
233	0	packages/core/src/workspace/workspace-source-cache.test.ts
2	1	packages/{backend-typescript/src/typescript-backend => core/src/workspace}/workspace-source-cache.ts
38	0	packages/daemon/package.json
36	0	packages/daemon/src/client/daemon-client-contracts.ts
112	0	packages/daemon/src/client/daemon-client-control.test.ts
43	0	packages/daemon/src/client/daemon-client-public.test.ts
298	0	packages/daemon/src/client/daemon-client-runtime.ts
447	0	packages/daemon/src/client/daemon-client.test.ts
64	0	packages/daemon/src/client/daemon-client.ts
219	0	packages/daemon/src/client/daemon-routing-policy.test.ts
137	0	packages/daemon/src/client/daemon-routing-policy.ts
150	0	packages/daemon/src/daemon-admission.test.ts
129	0	packages/daemon/src/daemon-admission.ts
43	0	packages/daemon/src/daemon-command-name.test.ts
32	0	packages/daemon/src/daemon-command-name.ts
40	0	packages/daemon/src/daemon-diagnostics.ts
122	0	packages/daemon/src/daemon-execution-failure.test.ts
35	0	packages/daemon/src/daemon-execution-failure.ts
136	0	packages/daemon/src/daemon-executor-module-loader.test.ts
216	0	packages/daemon/src/daemon-executor.ts
92	0	packages/daemon/src/daemon-lifecycle-report.ts
163	0	packages/daemon/src/daemon-policy.test.ts
341	0	packages/daemon/src/daemon-policy.ts
72	17	{apps/cli/src/daemon => packages/daemon/src/delivery}/completion-spool.test.ts
88	25	{apps/cli/src/daemon => packages/daemon/src/delivery}/completion-spool.ts
646	0	packages/daemon/src/delivery/delivery-session.test.ts
519	0	packages/daemon/src/delivery/delivery-session.ts
68	5	apps/cli/src/daemon/daemon-logger.test.ts => packages/daemon/src/diagnostics/logger.test.ts
23	39	apps/cli/src/daemon/daemon-logger.ts => packages/daemon/src/diagnostics/logger.ts
2	5	apps/cli/src/daemon/daemon-operation-observer.test.ts => packages/daemon/src/diagnostics/operation-observer.test.ts
7	7	apps/cli/src/daemon/daemon-operation-observer.ts => packages/daemon/src/diagnostics/operation-observer.ts
52	0	packages/daemon/src/entry-boundary.test.ts
66	0	packages/daemon/src/execution/accepted-execution-session-contracts.ts
330	0	packages/daemon/src/execution/accepted-execution-session.test.ts
194	0	packages/daemon/src/execution/accepted-execution-session.ts
71	36	{apps/cli/src/daemon => packages/daemon/src/execution}/accepted-request-ledger.test.ts
54	19	{apps/cli/src/daemon => packages/daemon/src/execution}/accepted-request-ledger.ts
1	1	apps/cli/src/daemon/workspace-request-queue.test.ts => packages/daemon/src/execution/request-queue.test.ts
10	5	apps/cli/src/daemon/workspace-request-queue.ts => packages/daemon/src/execution/request-queue.ts
380	0	packages/daemon/src/host-contract.test.ts
33	0	packages/daemon/src/index.ts
801	0	packages/daemon/src/lifecycle/daemon-clock.test.ts
0	0	{apps/cli/src/daemon => packages/daemon/src/lifecycle}/daemon-clock.ts
79	0	packages/daemon/src/lifecycle/daemon-lifetime.test.ts
11	9	{apps/cli/src/daemon => packages/daemon/src/lifecycle}/daemon-lifetime.ts
37	0	packages/daemon/src/package-boundary.test.ts
43	0	packages/daemon/src/process-entry.ts
327	0	packages/daemon/src/process/activity-projector.test.ts
126	0	packages/daemon/src/process/activity-projector.ts
38	50	apps/cli/src/daemon/daemon-controller.test.ts => packages/daemon/src/process/controller.test.ts
74	78	apps/cli/src/daemon/daemon-controller.ts => packages/daemon/src/process/controller.ts
218	0	packages/daemon/src/process/process-coordinator-construction.test.ts
740	44	apps/cli/src/daemon/workspace-daemon-requests.test.ts => packages/daemon/src/process/process-coordinator-requests.test.ts
60	41	apps/cli/src/daemon/workspace-daemon.test.ts => packages/daemon/src/process/process-coordinator.test.ts
676	0	packages/daemon/src/process/process-coordinator.ts
123	27	apps/cli/src/daemon/daemon-process-launcher.test.ts => packages/daemon/src/process/process-launcher.test.ts
67	38	apps/cli/src/daemon/daemon-process-launcher.ts => packages/daemon/src/process/process-launcher.ts
2	2	apps/cli/src/daemon/daemon-process-termination-observer.test.ts => packages/daemon/src/process/process-termination-observer.test.ts
5	2	apps/cli/src/daemon/daemon-process-termination-observer.ts => packages/daemon/src/process/process-termination-observer.ts
11	0	packages/daemon/src/process/runtime-values.ts
5	8	apps/cli/src/daemon/daemon-record-observer.test.ts => packages/daemon/src/registry/record-observer.test.ts
9	5	apps/cli/src/daemon/daemon-record-observer.ts => packages/daemon/src/registry/record-observer.ts
299	41	apps/cli/src/daemon/daemon-registry.test.ts => packages/daemon/src/registry/registry.test.ts
244	107	apps/cli/src/daemon/daemon-registry.ts => packages/daemon/src/registry/registry.ts
124	72	apps/cli/src/daemon/daemon-startup-coordinator.test.ts => packages/daemon/src/registry/startup-coordinator.test.ts
69	69	apps/cli/src/daemon/daemon-startup-coordinator.ts => packages/daemon/src/registry/startup-coordinator.ts
11	8	apps/cli/src/daemon/daemon-workspace-identity.test.ts => packages/daemon/src/registry/workspace-identity.test.ts
0	0	apps/cli/src/daemon/daemon-workspace-identity.ts => packages/daemon/src/registry/workspace-identity.ts
92	93	apps/cli/src/daemon/daemon-resource-monitor.test.ts => packages/daemon/src/resources/resource-supervisor.test.ts
14	69	apps/cli/src/daemon/daemon-resource-monitor.ts => packages/daemon/src/resources/resource-supervisor.ts
145	0	packages/daemon/src/testing/daemon-testing-inspector.test.ts
167	0	packages/daemon/src/testing/daemon-testing-inspector.ts
7	0	packages/daemon/src/testing/index.ts
262	0	packages/daemon/src/transport/client-result-capture.test.ts
231	0	packages/daemon/src/transport/client-result-capture.ts
71	0	packages/daemon/src/transport/contracts.ts
11	6	{apps/cli/src/daemon => packages/daemon/src/transport}/daemon-result-chunk-codec.test.ts
34	0	packages/daemon/src/transport/daemon-transport-composition.test.ts
601	96	apps/cli/src/daemon/local-daemon-transport-execution.test.ts => packages/daemon/src/transport/daemon-transport-execution.test.ts
361	0	packages/daemon/src/transport/daemon-transport-socket-client.test.ts
147	46	apps/cli/src/daemon/local-daemon-transport-validation.test.ts => packages/daemon/src/transport/daemon-transport-validation.test.ts
33	65	apps/cli/src/daemon/local-daemon-transport.test.ts => packages/daemon/src/transport/daemon-transport.test.ts
87	0	packages/daemon/src/transport/daemon-transport.ts
298	0	packages/daemon/src/transport/execution-client.test.ts
447	0	packages/daemon/src/transport/execution-client.ts
401	0	packages/daemon/src/transport/lifecycle-client.test.ts
183	0	packages/daemon/src/transport/lifecycle-client.ts
322	0	packages/daemon/src/transport/protocol-validator.test.ts
672	0	packages/daemon/src/transport/protocol-validator.ts
17	43	apps/cli/src/daemon/daemon-protocol.ts => packages/daemon/src/transport/protocol.ts
287	0	packages/daemon/src/transport/result-transfer-receiver.test.ts
153	0	packages/daemon/src/transport/result-transfer-receiver.ts
270	0	packages/daemon/src/transport/socket-client.test.ts
171	0	packages/daemon/src/transport/socket-client.ts
484	0	packages/daemon/src/transport/socket-server.test.ts
181	0	packages/daemon/src/transport/socket-server.ts
38	0	packages/daemon/src/transport/transport-error.ts
126	0	packages/daemon/src/transport/wire-codec.test.ts
289	0	packages/daemon/src/transport/wire-codec.ts
1	0	packages/daemon/src/worker-entry.ts
161	64	apps/cli/src/daemon/daemon-navigation-worker-entry.ts => packages/daemon/src/worker/navigation-worker-entry.ts
462	0	packages/daemon/src/worker/navigation-worker.test.ts
36	20	apps/cli/src/daemon/daemon-navigation-worker.ts => packages/daemon/src/worker/navigation-worker.ts
470	0	packages/daemon/src/worker/worker-generation-manager.test.ts
250	0	packages/daemon/src/worker/worker-generation-manager.ts
50	5	apps/cli/src/daemon/daemon-navigation-worker-protocol.test.ts => packages/daemon/src/worker/worker-protocol.test.ts
54	31	apps/cli/src/daemon/daemon-navigation-worker-protocol.ts => packages/daemon/src/worker/worker-protocol.ts
43	0	packages/daemon/test/actors/daemon-accepted-caller.ts
2	2	{apps/cli/test/helpers => packages/daemon/test/actors}/daemon-live-silent.ts
4	4	{apps/cli/test/helpers => packages/daemon/test/actors}/daemon-malformed-activity.ts
118	45	apps/cli/test/helpers/workspace-daemon-stuck.ts => packages/daemon/test/actors/daemon-process-coordinator-controlled.ts
49	20	apps/cli/test/helpers/workspace-daemon-persistent-pressure.ts => packages/daemon/test/actors/daemon-process-coordinator-persistent-pressure.ts
8	5	{apps/cli/test/helpers => packages/daemon/test/actors}/daemon-startup-mutation-owner.ts
8	5	{apps/cli/test/helpers => packages/daemon/test/actors}/daemon-startup-publisher.ts
58	0	packages/daemon/test/fixtures/executor-module.mjs
75	0	packages/daemon/test/fixtures/executor-module.test.ts
95	0	packages/daemon/test/fixtures/executor-module.ts
46	0	packages/daemon/test/fixtures/observable-executor-module.mjs
229	0	packages/daemon/test/helpers/adversarial-daemon-peer-harness.ts
17	0	packages/daemon/test/helpers/canonical-path.ts
49	0	packages/daemon/test/helpers/daemon-controller.ts
10	0	{apps/cli => packages/daemon}/test/helpers/daemon-navigation-worker-fixture.mjs
21	0	packages/daemon/test/helpers/daemon-policy.ts
99	0	packages/daemon/test/helpers/daemon-process-coordinator-stuck.ts
133	0	packages/daemon/test/helpers/daemon-process-coordinator.ts
24	0	packages/daemon/test/helpers/daemon-process-terminator.ts
2	2	{apps/cli => packages/daemon}/test/helpers/daemon-registry-cleaner.ts
24	0	packages/daemon/test/helpers/daemon-registry.ts
34	0	packages/daemon/test/helpers/daemon-resource-policy.ts
53	0	packages/daemon/test/helpers/daemon-startup-coordinator.ts
8	5	{apps/cli => packages/daemon}/test/helpers/daemon-startup-mutation-owner.ts
106	0	packages/daemon/test/helpers/daemon-transport.ts
33	0	packages/daemon/test/helpers/executor-output.ts
49	0	packages/daemon/test/helpers/injected-daemon-executor-fixture.mjs
31	0	packages/daemon/test/helpers/resource-sampling-daemon-executor-fixture.mjs
76	0	packages/daemon/test/integration/adversarial-daemon-peers.test.ts
79	0	packages/daemon/test/integration/built-entry-artifacts.test.ts
284	0	packages/daemon/test/integration/built-process-entry.test.ts
61	0	packages/daemon/test/integration/built-process-launcher.test.ts
77	0	packages/daemon/test/public-import.test.ts
20	0	packages/daemon/test/testing-public-import.test.ts
0	0	packages/{core => daemon}/tsconfig.json
14	0	packages/daemon/tsconfig.test.json
0	2	{apps/cli => packages/daemon}/vitest.config.ts
2	1	packages/renderer/package.json
1	0	packages/renderer/src/index.ts
210	0	packages/renderer/src/lifecycle/daemon-lifecycle-renderer.test.ts
1	5	{apps/cli/src/daemon => packages/renderer/src/lifecycle}/daemon-lifecycle-renderer.ts
1	1	packages/renderer/tsconfig.json
1	1	packages/telemetry/src/index.ts
9	55	packages/telemetry/src/state-dir.test.ts
1	30	packages/telemetry/src/state-dir.ts
10	4	plans/000/symnav-stages.md
56	14	plans/005/daemon-follow-ups-functional-spec.md
66	0	plans/005/daemon-policy.md
15	0	pnpm-lock.yaml
1	0	tsconfig.json
